Workbook

Sheet 0_Summary
A1: BSI.IT.27.C7 Network Device Admin Account Review - re-performance of the 10-account conclusions
A2: Control: At least semiannually, InfoSec initiates account reviews for network device administrators, users and service accounts, performed by managers or account owners. Inappropriate access is revoked by the PAM/IAM team within SLA.
A3: Period 07/01/2025 - 06/30/2026. Re-performed 11/01/2026 from the source data in the testing package (E04, E05, E07, E06.12), the policies (E01, E01a, E02, E03) and the Fieldglass e-mail of 10/29/2026 (E10). Every fact below was re-read from the source file, not copied from the prior draft.
A5: RESULT
A6: Result count (formula): | B6: =COUNTIF(1_Conclusions!N5:N14,"PASS")&" PASS / "&COUNTIF(1_Conclusions!N5:N14,"FAIL")&" FAIL of "&COUNTA(1_Conclusions!B5:B14)&" accounts" -> 3 PASS / 7 FAIL of 10 accounts
A8: BOTTOM LINE
A9: 1. The prior draft's outcome holds: 3 PASS (MIA25104, MIA25105, MIA25106) and 7 FAIL (MIA25142, MIA25172, MIA25175, X453396, MIA25103, MIA25249, MIA25250). No account changes result.
A10: 2. Several facts and citations in the draft are wrong or incomplete and must be corrected before the workpaper goes to the reviewer. See 3_Corrections_to_Draft (12 items). The most important ones follow.
A11: a. The 'member added' event that the draft says is missing is in the evidence. E04 tab 3_ISEAdmin (Netwrix capture at row ~3108) shows that at 09/10/2025 2:33:04 AM, Who = 'system', ISEAdmin members were ADDED: Perez Peralta (X453396), Hernandez Ruiz (MIA25172), Nieves Nieves (MIA25142) and Hernandez Acevedo (MIA25175). This is 8 business days after the revocation decision, inside the 30-day SLA window. It strengthens E3 (re-granted with no request) and gives a root-cause lead: an automated job around 2:30 AM, which also added X842395 on 08/30/2025 at 2:32:54 AM.
A12: b. The April 2026 disablement of MIA25249, MIA25250 and MIA25251 is explained by the evidence. The 05/15/2026 AD extract shows the accounts in OU=Inactive AD Accounts with whenChanged 04/02-04/03/2026 and 113-147 days since the last logon. MIA25103 changed in the same second (04/02/2026 17:52:08). This is the 90-day inactivity sweep (SUS.IAMS.4.2.3.1), not a contract gap. The reviewer therefore approved privileged access that had been unused for more than 90 days.
A13: c. Policy versions. IAM Standard v10.0 was approved 09/29/2025, after the 2025 Q3 decisions of 08/28/2025, so v9.0 governed Sample 1. PAM Procedure v2.0 was approved 04/22/2026; v1.0 (04/22/2025) governed Sample 1 and the start of 2026 Q1. The draft says v10.0 / v2.0 were in force for both samples. Neither v9.0 nor v1.0 is in the package.
A14: d. The reviewer was not exercising judgement. Dayam Borges, who is also the BSI CISO, control owner and exception approver, decided every person-account item in single bursts: 08/28/2025 10:25-10:40 AM (130 rows), 04/30/2026 1:47 PM (all 69 memberships), 07/27/2026 12:45 PM and 08/17/2026 9:22-9:23 AM. This is the likely root cause of E1 and E3.
A15: 3. The Fieldglass e-mail is authentic and consistent with SanIAM: 7 of 7 buyer references match. It shows open worker records covering 08/28/2025 and 04/30/2026. It is NOT the evidence that was requested: it has no report date or parameters, no extension history, no status as of the dates, no April-2026 statement, and 4 of 7 captures show 'More Results: Next >>', so the results are truncated. It also contains an unexplained bulk event: all 7 job-seeker records were submitted on 09/29/2026 at 12:04-12:05 PM, with new Rev.18 work orders starting 09/29/2026. Fieldglass is sufficient to clear E2 (IAMS termination date) as an observation. It cannot clear E1 or E3.
A16: 4. Control-level conclusion (unchanged): Design Satisfactory with observations; Performance Needs Improvement. Both samples fail (A5 appropriateness; A6 persistence). Reviewer to consider Weak, because the same exceptions recur in all 4 consecutive reviews (2025 Q3, 2026 Q1, 2026 Q2 SOX, 2026 Q2 CyberArk) and the frequency gap is a possible A1 exception (see 5_Observations OBS-R09).
A18: TABS: 1_Conclusions (10 accounts) | 2_SLA_Reperformance (formulas) | 3_Corrections_to_Draft | 4_Fieldglass_Inspection | 5_Observations_OpenItems | 6_Policy_Criteria | 7_Evidence_Locator | Holidays

Sheet 1_Conclusions
A1: 1_Conclusions - re-performed result for each of the 10 sampled accounts
A2: Sources: E04 (2025 Q3 SanIAM export + AD extract 11/25/2025 incl. MemberOf + Netwrix captures), E05 (2026 Q1 export + AD extract 05/15/2026 incl. OU, whenChanged, Description), E07 (2026 Q2 exports + AD 10/10/2026), E10 (Fieldglass). Decision maker for every row = Borges, Dayam (line manager / host; also BSI CISO per E02 p.13). Account result = FAIL if either in-period sample fails. 2026 Q2 is after the period and supporting only.
A4: # | B4: Account | C4: Name / SanIAM identity | D4: In-scope groups held | E4: 2025 Q3 (Sample 1) - decision & re-performed facts | F4: Sample 1 result | G4: 2026 Q1 (Sample 2) - decision & re-performed facts | H4: Sample 2 result | I4: AD status history (source extracts) | J4: 2026 Q2 (subsequent, supporting only) | K4: Fieldglass (E10) | L4: Exception codes | M4: Process-owner explanation & assessment | N4: FINAL CONCLUSION | O4: Policy basis (requirement IDs) | P4: Change vs. prior draft | Q4: What would change the conclusion
A5: 1 | B5: MIA25142 | C5: Miguel Nieves Nieves / 100546241 (IAMS termination 12/31/2024) | D5: CISCO Network Administrators, ISEAdmin (+ CyberArk_Alero_Users, out of C7 scope) | E5: REVOKED 08/28/2025 10:39 AM by Borges, Dayam (E04 tab 2 rows 2537-2539; WI 1100381). Netwrix: removed from Cisco Network Admins and ISEAdmin 09/02/2025 12:15:24 PM, 2 business days, within SLA (deadline 10/10/2025). Netwrix: RE-ADDED to ISEAdmin 09/10/2025 2:33:04 AM by 'system' (E04 tab 3_ISEAdmin capture ~row 3108), 6 calendar days later and inside the SLA window. On 11/25/2025, MemberOf shows Cisco Network Admins + ISEAdmin + CyberArk_Alero_Users again; no 'added' event in the package for Cisco Network Admins. | F5: FAIL | G5: APPROVED 04/30/2026 1:47 PM (bulk) by Borges. The access re-granted after the 2025 Q3 revocation was approved with no access request, no ServiceNow ticket and no comment (WorkItemID blank). | H5: FAIL | I5: 11/25/2025: enabled; lastLogonDate 11/19/2025; acct expires 01/01/2026. 05/15/2026: enabled, CN=Users; lastLogon 05/14/2026; expires 06/01/2026; desc 'Temp - Consultant - Cyber Security - Host Dayam Borges'. 10/10/2026: enabled, employeeNumber 100546241. | J5: Approved again: SOX Mgr 07/27/2026 12:45 PM (E07 rows 98-100); CyberArk Mgr 08/17/2026 9:23 AM (rows 431-433). | K5: Not requested. IAMS termination 12/31/2024 remains unsupported. Add to the Fieldglass follow-up. | L5: A6 (removal not sustained; ISEAdmin re-added inside the SLA window); A5-E3 (re-grant approved without request) | M5: Owner: SanIAM shows no change/mover/leaver events; the access is approved in 2026 Q2. ASSESSMENT: not accepted. The response confirms the access is still held and does not evidence an approved request for the re-grant. The 09/10/2025 Netwrix event shows the re-add was made by 'system', not through a request. | N5: FAIL | O5: SUS.IAMS.4.2.5.7 (manager denial = access denied); 4.2.5.10 (confirm all access marked for removal was removed); 4.2.5.21 (revoke within 30 business days of review close); 4.2.3.4 (privileged access only via an approved request, manager validation and second-level approval); PAM Proc. 4.1.1 C4, 4.2, step 10. | P5: Same conclusion. Corrected: a Netwrix 'member added' event DOES exist for ISEAdmin (09/10/2025, actor 'system'). The draft said none was provided. | Q5: Approved ServiceNow request + manager + second-level approval dated before 09/10/2025 (ISEAdmin) and before 11/25/2025 (Cisco Network Admins). Even then, A6 persistence remains an observation.
A6: 2 | B6: MIA25172 | C6: Juan Hernandez Ruiz / SanIAM Identity = 'MIA25172' (not correlated in 2026 Q1/Q2); AD employeeNumber 100546248 (10/10/2026). IAMS termination 12/31/2026 in 2025 Q3; blank afterwards | D6: CISCO Network Administrators; ISEAdmin (new add 09/10/2025) | E6: REVOKED 08/28/2025 10:39 AM (Cisco Network Admins + CyberArk_Alero_Users; E04 rows 2540-2541). Netwrix: removed from Cisco Network Admins 09/02/2025 12:25:24 PM, 2 business days, within SLA. The account was then in OU='Inactive AD Accounts'. Netwrix 09/10/2025 2:33:04 AM: ADDED to ISEAdmin by 'system' from the Inactive AD Accounts OU. This is a NEW privileged network group, granted 13 days after the manager denied privileged network access. On 11/25/2025: back in Cisco Network Admins; enabled; lastLogonDate 11/24/2025 (reactivation unexplained). | F6: FAIL | G6: APPROVED 04/30/2026 (bulk) for Cisco Network Admins + ISEAdmin, with no request for the re-grant or the ISEAdmin add. Reviewed in the MANAGER certification although SanIAM shows the account as uncorrelated (4.2.5.6 assigns uncorrelated accounts to the Application Owner). | H6: FAIL | I6: 11/25/2025: enabled; expires 01/01/2027. 05/15/2026: enabled, CN=Users, lastLogon 05/13/2026. 10/10/2026: enabled. | J6: Approved: SOX Mgr 07/27/2026 (rows 140-142); CyberArk Mgr 08/17/2026 (rows 467-468). SOX export shows Identity='MIA25172', Account Name=100546248 (fields inverted). | K6: Not requested. Not on the E2 list (termination date was 12/31/2026, not 12/31/2024). | L6: A6; A5-E3 (re-grant + new ISEAdmin add without request); identity correlation | M6: Owner: no change/mover/leaver events; approved in 2026 Q2. No explanation for the ISEAdmin add, the move out of the Inactive OU, or the uncorrelated identity. ASSESSMENT: not accepted. | N6: FAIL | O6: 4.2.5.7; 4.2.5.10; 4.2.5.21; 4.2.3.4; 4.2.5.6 (Application Owner attests uncorrelated accounts); 4.2.1.1 (accounts synchronized with HR); PAM Proc. 4.1.1 C4, 4.2. | P6: Same conclusion. Corrected: the ISEAdmin add IS evidenced (Netwrix 09/10/2025, 'system'). The IAMS termination date was 12/31/2026, not 12/31/2024. 'Not linked to HR' should read 'SanIAM correlation break': AD carries employeeNumber 100546248. | Q6: Approved requests for the re-grant and the ISEAdmin add; evidence of who re-enabled the account or moved it out of the Inactive OU; SanIAM correlation fix.
A7: 3 | B7: MIA25175 | C7: Carlos Hernandez Acevedo / SanIAM Identity = 'MIA25175' (not correlated 2026 Q1/Q2); AD employeeNumber 100546251. IAMS termination 12/31/2026 in 2025 Q3 | D7: CISCO Network Administrators; ISEAdmin (new add 09/10/2025) | E7: REVOKED 08/28/2025 (Cisco Network Admins + CyberArk_Alero_Users; E04 rows 2546-2547). Netwrix: removed 09/08/2025 10:18:22 AM, 6 business days, within SLA. Netwrix 09/10/2025 2:33:04 AM: ADDED to ISEAdmin by 'system', 2 days after removal. 11/25/2025: back in Cisco Network Admins; lastLogonDate 11/20/2025. | F7: FAIL | G7: APPROVED 04/30/2026 (bulk) for Cisco Network Admins + ISEAdmin, with no request. Uncorrelated account reviewed in the Manager certification. | H7: FAIL | I7: 11/25/2025: enabled; expires 01/01/2027. 05/15/2026: enabled; lastLogon 05/04/2026. 10/10/2026: enabled. | J7: Approved: SOX Mgr 07/27/2026 (rows 143-145); CyberArk Mgr 08/17/2026 (rows 469-471). | K7: Not requested. Not on the E2 list. | L7: A6; A5-E3; identity correlation | M7: Same as MIA25172. ASSESSMENT: not accepted. | N7: FAIL | O7: 4.2.5.7; 4.2.5.10; 4.2.5.21; 4.2.3.4; 4.2.5.6; 4.2.1.1; PAM Proc. 4.1.1 C4, 4.2. | P7: Same conclusion. Corrected: the ISEAdmin add is evidenced; the termination date was 12/31/2026; correlation wording. | Q7: Approved requests for the re-grant and the ISEAdmin add; SanIAM correlation fix.
A8: 4 | B8: X453396 | C8: Juan Fernando Perez Peralta / 100611758 (correlated; no IAMS termination date) | D8: CISCO Network Administrators, ISEAdmin (Network_support revoked, out of scope) | E8: REVOKED 08/28/2025 10:33 AM (Network_support, CyberArk_Alero_Users, Cisco Network Admins, ISEAdmin; E04 rows 2486-2489). Netwrix: removed from Cisco Network Admins and ISEAdmin 09/08/2025 10:30:21 AM, 6 business days, within SLA. Netwrix 09/10/2025 2:33:04 AM: RE-ADDED to ISEAdmin by 'system', about 40 HOURS after removal. 11/25/2025: Cisco Network Admins + ISEAdmin + CyberArk_Alero_Users. Network_support NOT present, so that removal was sustained. | F8: FAIL | G8: APPROVED 04/30/2026 (bulk). The re-granted access was approved with no request. | H8: FAIL | I8: 11/25/2025: enabled; lastLogonDate 11/24/2025; pwdLastSet 11/07/2025 09:00:34; expires 01/01/2026. 05/15/2026: enabled; lastLogon 05/14/2026; expires 06/01/2026; desc 'Temp - Consultant'. 10/10/2026: enabled. | J8: Approved: SOX Mgr 07/27/2026 (rows 110-112); CyberArk Mgr 08/17/2026 (rows 443-445). | K8: Not requested and not needed for E2 (no termination date). The testing procedures' 'scope gap' listing X453396 on the E2 list is not supported by the exports. | L8: A6; A5-E3 | M8: Owner: approved in 2026 Q2; no re-grant evidence. ASSESSMENT: not accepted. | N8: FAIL | O8: 4.2.5.7; 4.2.5.10; 4.2.5.21; 4.2.3.4; PAM Proc. 4.1.1 C4, 4.2. | P8: Same conclusion. Corrected: the ISEAdmin re-add is evidenced (40 hours after removal); the Network_support revocation was sustained; X453396 is not an E2 account. | Q8: Approved re-grant request before 09/10/2025 and 11/25/2025.
A9: 5 | B9: MIA25103 | C9: Ivan Ramirez Gonzalez / 100531048 (IAMS termination 12/31/2024) | D9: CISCO Network Administrators, ISEAdmin | E9: APPROVED 08/28/2025 10:39 AM by Borges (E04 rows 2523-2525). On 11/25/2025 the account is DISABLED with lastLogonDate 10/15/2023, i.e. 683 days without logon at the decision date. Note: the extract post-dates the decision by 3 months. The exception does not rely on the enabled flag; 22 months of non-use alone shows the access was not needed. | F9: FAIL | G9: APPROVED 04/30/2026 (bulk). The account was DISABLED and in OU=Inactive AD Accounts (whenChanged 04/02/2026 17:52:08); lastLogon 10/10/2023, 928 days without logon. | H9: FAIL | I9: 11/25/2025 disabled; 05/15/2026 disabled, Inactive OU; 10/10/2026 disabled. Privileged group memberships retained throughout (MemberOf). | J9: Approved: SOX Mgr 07/27/2026 (rows 86-88); CyberArk Mgr 08/17/2026 (rows 419-421). | K9: Worker SANWK00016501 Open 2024-01-01 to 2027-02-28; buyer ref 100531048 = SanIAM identity. Supports 'active contractor'. Clears E2 only. | L9: A5-E1 (disabled/unused account approved, both samples) | M9: Owner: (1) SLA applies only to revoked access - AGREED, A6 N/A. (2) Consultants were extended - SUPPORTED by Fieldglass. (3) No mover/leaver events - does not address non-use. ASSESSMENT: (1)-(2) accepted; they do not address E1. | N9: FAIL | O9: 4.2.5.1 (review confirms access remains valid and least privilege); 4.2.3.1 (AD accounts unused for 90 days reviewed and disabled/removed; the privileged memberships were kept and re-certified); 4.2.5.7. | P9: Same conclusion. Basis strengthened: non-use since 10/2023 is provable at both decision dates. Draft relied on the 11/25/2025 'disabled' status, which post-dates the decision. | Q9: Unlikely to clear. Recommend immediate removal of the memberships.
A10: 6 | B10: MIA25104 | C10: Jefferson Paez Venegas / 100531049 (IAMS termination 12/31/2024) | D10: CISCO Network Administrators, ISEAdmin | E10: APPROVED 08/28/2025 10:39 AM (E04 rows 2526-2528). Account enabled; lastLogonDate 11/20/2025 (in use); expires 01/01/2026. | F10: PASS | G10: APPROVED 04/30/2026 (bulk). Enabled, CN=Users; lastLogon 04/28/2026 (in use); expiry extended to 06/01/2026. | H10: PASS | I10: Enabled 11/25/2025, 05/15/2026, 10/10/2026 (employeeNumber 100531049). AD expiry extended 01/01/2026 -> 06/01/2026, which corroborates the contract extension. | J10: Approved: SOX rows 89-91; CyberArk rows 422-424. | K10: Worker SANWK00016508 Open 2024-01-01 to 2027-02-28; ref 100531049 = SanIAM. Prior SANWK00014980 Closed 2023-10-08 to 2023-12-31, so continuous. Current WO SANWO00017799 Rev.18 starts 2026-09-29 (see limitation). | L10: None. E2 = observation only (stale IAMS date). | M10: Owner (1)-(3) as above. ASSESSMENT: accepted. Three independent sources show an active, extended consultant: Fieldglass worker record, AD expiry extension and AD logons. | N10: PASS | O10: 4.2.5.1 (access valid - account in use); 4.2.5.6 (manager/host attests contractors); 4.2.1.1 (HR/Fieldglass authoritative); 4.2.5.21 not triggered (no revocation). | P10: Same conclusion. Added AD corroboration (expiry extension, logons) so the PASS does not rest on the Fieldglass screenshot alone. | Q10: FAIL only if the Fieldglass detail view shows the engagement lapsed on 08/28/2025 or 04/30/2026.
A11: 7 | B11: MIA25105 | C11: David Serrano Aguirre / 100531050 (IAMS termination 12/31/2024) | D11: CISCO Network Administrators, ISEAdmin | E11: APPROVED 08/28/2025 (rows 2529-2531). Enabled; lastLogonDate 11/18/2025. | F11: PASS | G11: APPROVED 04/30/2026 (bulk). Enabled; lastLogon 04/17/2026; expiry 06/01/2026. | H11: PASS | I11: Enabled 11/25/2025, 05/15/2026, 10/10/2026. | J11: Approved: SOX rows 92-94; CyberArk rows 425-427. | K11: Worker SANWK00016502 Open 2024-01-01 to 2027-02-28; ref 100531050. Prior SANWK00014979 Closed 2023. Current WO SANWO00017797 Rev.18 from 2026-09-29. | L11: None. E2 = observation. | M11: As MIA25104. Accepted. | N11: PASS | O11: 4.2.5.1; 4.2.5.6; 4.2.1.1. | P11: Same conclusion; AD corroboration added. | Q11: As MIA25104.
A12: 8 | B12: MIA25106 | C12: Maiko Vazquez Arias / 100531051 (IAMS termination 12/31/2024) | D12: CISCO Network Administrators, ISEAdmin | E12: APPROVED 08/28/2025 (rows 2532-2534). Enabled; lastLogonDate 11/18/2025. | F12: PASS | G12: APPROVED 04/30/2026 (bulk). Enabled; lastLogon 05/13/2026; expiry 06/01/2026. | H12: PASS | I12: Enabled 11/25/2025, 05/15/2026, 10/10/2026. | J12: Approved: SOX rows 95-97; CyberArk rows 428-430. | K12: Worker SANWK00016503 Open 2024-01-01 to 2027-02-28; ref 100531051. Prior SANWK00014977 Closed 2023. Current WO SANWO00017800 Rev.18 from 2026-09-29. | L12: None. E2 = observation. | M12: As MIA25104. Accepted. | N12: PASS | O12: 4.2.5.1; 4.2.5.6; 4.2.1.1. | P12: Same conclusion; AD corroboration added. | Q12: As MIA25104.
A13: 9 | B13: MIA25249 | C13: Richard Harris / 100592069 (IAMS termination 12/31/2024). Fieldglass also shows an ACTIVE Santander US employee 'Harris, Richard (n222712)', Hiring Manager, ISB00_73097 | D13: CISCO Network Administrators, ISEAdmin | E13: APPROVED 08/28/2025 (rows 2549-2551). Enabled; lastLogonDate 11/17/2025 (in use). Fieldglass worker Open. No exception. | F13: PASS | G13: APPROVED 04/30/2026 (bulk) while DISABLED and in OU=Inactive AD Accounts since 04/02/2026 17:52:08 (same second as MIA25103, i.e. a batch inactivity job). Last logon 12/10/2025: 113 days at disablement, 141 days at the decision. The reviewer approved privileged access that had been unused for more than 90 days. | H13: FAIL | I13: 11/25/2025 enabled. 05/15/2026 DISABLED, Inactive OU. 10/10/2026 ENABLED again (employeeID x376277; employeeNumber 100592069). No request or Netwrix event for the re-enable. | J13: Approved: SOX rows 104-106; CyberArk rows 437-439, after the account had been disabled for inactivity. | K13: Worker SANWK00016311 Open 2023-12-28 to 2027-02-28; ref 100592069. AD account created 2023-12-31, consistent. Shows no termination, but cannot explain the disablement. The evidence points to inactivity, not a contract gap. | L13: A5-E1 (2026 Q1); unevidenced re-enable (4.2.3.4) | M13: Owner (1)-(3). No explanation for the disablement or re-enable. ASSESSMENT: (1)-(2) accepted for 2025 Q3; the 2026 Q1 exception stands. | N13: FAIL | O13: 4.2.5.1; 4.2.3.1 (90-day inactivity: the account was correctly disabled, but the reviewer then certified its privileged access); 4.2.3.4 (re-enabling restores privileged access without a request); 4.2.5.7. | P13: Same conclusion. Cause of the April disablement identified (inactivity sweep), so the 'possible contract interruption' theory is not supported. | Q13: Business justification approved before 04/30/2026 plus an approved re-enable request could reduce this to an observation.
A14: 10 | B14: MIA25250 | C14: Kevin Ackley / 100592068 (IAMS termination 12/31/2024). Fieldglass also shows an ACTIVE Santander US employee 'Ackley, Kevin (n67450)', Hiring Manager, ISB00_73097 | D14: CISCO Network Administrators, ISEAdmin | E14: APPROVED 08/28/2025 (rows 2552-2554). Enabled. Recorded lastLogonDate 11/07/2025 09:00:30 = PasswordLastSet 11/07/2025 09:00:30 (same second). This is likely a password-reset artifact, so genuine use is NOT evidenced. Treated as no exception for Sample 1 (enabled, Fieldglass active), with that limitation noted. | F14: PASS | G14: APPROVED 04/30/2026 (bulk) while DISABLED, in Inactive OU since 04/03/2026 00:38:34. Last logon 11/07/2025: 147 days at disablement, 174 at the decision. | H14: FAIL | I14: 11/25/2025 enabled (employeeID x375759). 05/15/2026 DISABLED. 10/10/2026 ENABLED with employeeID AND employeeNumber BLANK. The HR link attributes were cleared at or after re-enable. No request on file. | J14: Approved: SOX rows 101-103; CyberArk rows 434-436. | K14: Worker SANWK00016313 Open 2023-12-28 to 2027-02-28; ref 100592068. Workforce SGTOWF00003892. AD created 2023-12-30, consistent. Does not explain the disablement. | L14: A5-E1 (2026 Q1); unevidenced re-enable; HR-sync gap (4.2.1.1) | M14: As MIA25249; no explanation for the blank employeeID/employeeNumber. ASSESSMENT: exception stands. | N14: FAIL | O14: 4.2.5.1; 4.2.3.1; 4.2.3.4; 4.2.1.1 (personal accounts fully synchronized with HR). | P14: Same conclusion. Corrected: BOTH employeeID and employeeNumber are blank (the draft said employeeNumber only). The 'last logon' is a password-set artifact. Cause of the disablement = inactivity. | Q14: As MIA25249, plus restore HR linkage.

Sheet 2_SLA_Reperformance
A1: 2_SLA_Reperformance - 30 business days from the close of the 2025 Q3 review (SUS.IAMS.4.2.5.21)
A2: Close of review = decision/sign-off 08/28/2025 (all 4 accounts). Removal and re-add dates read from the Netwrix captures in E04 (tabs 2 and 3, REVOCATION EVIDENCE). Business days are counted with US bank holidays (Holidays tab). Formulas recalculate.
A4: Account | B4: Group | C4: Revoke decision | D4: Netwrix removed | E4: Bus. days to removal | F4: SLA deadline | G4: Removed within SLA? | H4: Netwrix re-added (if evidenced) | I4: Bus. days revoked -> re-added | J4: Re-added before SLA deadline? | K4: Member on 11/25/2025 (MemberOf)? | L4: Sustained?
A5: MIA25142 | B5: CISCO Network Administrators | C5: 45897 | D5: 45902 | E5: =NETWORKDAYS(C5+1,D5,Holidays!$A$4:$A$30) -> 2 | F5: =WORKDAY(C5,30,Holidays!$A$4:$A$30) -> 45940 | G5: =IF(D5<=F5,"Yes","No - late") -> Yes | H5: not in package | I5: =IF(ISNUMBER(H5),NETWORKDAYS(C5+1,H5,Holidays!$A$4:$A$30),"n/a") -> n/a | J5: =IF(ISNUMBER(H5),IF(H5<=F5,"Yes - inside SLA window","No"),"n/a") -> n/a | K5: Yes | L5: No
A6: MIA25142 | B6: ISEAdmin | C6: 45897 | D6: 45902 | E6: =NETWORKDAYS(C6+1,D6,Holidays!$A$4:$A$30) -> 2 | F6: =WORKDAY(C6,30,Holidays!$A$4:$A$30) -> 45940 | G6: =IF(D6<=F6,"Yes","No - late") -> Yes | H6: 45910 | I6: =IF(ISNUMBER(H6),NETWORKDAYS(C6+1,H6,Holidays!$A$4:$A$30),"n/a") -> 8 | J6: =IF(ISNUMBER(H6),IF(H6<=F6,"Yes - inside SLA window","No"),"n/a") -> Yes - inside SLA window | K6: Yes | L6: No
A7: MIA25172 | B7: CISCO Network Administrators | C7: 45897 | D7: 45902 | E7: =NETWORKDAYS(C7+1,D7,Holidays!$A$4:$A$30) -> 2 | F7: =WORKDAY(C7,30,Holidays!$A$4:$A$30) -> 45940 | G7: =IF(D7<=F7,"Yes","No - late") -> Yes | H7: not in package | I7: =IF(ISNUMBER(H7),NETWORKDAYS(C7+1,H7,Holidays!$A$4:$A$30),"n/a") -> n/a | J7: =IF(ISNUMBER(H7),IF(H7<=F7,"Yes - inside SLA window","No"),"n/a") -> n/a | K7: Yes | L7: No
A8: MIA25175 | B8: CISCO Network Administrators | C8: 45897 | D8: 45908 | E8: =NETWORKDAYS(C8+1,D8,Holidays!$A$4:$A$30) -> 6 | F8: =WORKDAY(C8,30,Holidays!$A$4:$A$30) -> 45940 | G8: =IF(D8<=F8,"Yes","No - late") -> Yes | H8: not in package | I8: =IF(ISNUMBER(H8),NETWORKDAYS(C8+1,H8,Holidays!$A$4:$A$30),"n/a") -> n/a | J8: =IF(ISNUMBER(H8),IF(H8<=F8,"Yes - inside SLA window","No"),"n/a") -> n/a | K8: Yes | L8: No
A9: X453396 | B9: CISCO Network Administrators | C9: 45897 | D9: 45908 | E9: =NETWORKDAYS(C9+1,D9,Holidays!$A$4:$A$30) -> 6 | F9: =WORKDAY(C9,30,Holidays!$A$4:$A$30) -> 45940 | G9: =IF(D9<=F9,"Yes","No - late") -> Yes | H9: not in package | I9: =IF(ISNUMBER(H9),NETWORKDAYS(C9+1,H9,Holidays!$A$4:$A$30),"n/a") -> n/a | J9: =IF(ISNUMBER(H9),IF(H9<=F9,"Yes - inside SLA window","No"),"n/a") -> n/a | K9: Yes | L9: No
A10: X453396 | B10: ISEAdmin | C10: 45897 | D10: 45908 | E10: =NETWORKDAYS(C10+1,D10,Holidays!$A$4:$A$30) -> 6 | F10: =WORKDAY(C10,30,Holidays!$A$4:$A$30) -> 45940 | G10: =IF(D10<=F10,"Yes","No - late") -> Yes | H10: 45910 | I10: =IF(ISNUMBER(H10),NETWORKDAYS(C10+1,H10,Holidays!$A$4:$A$30),"n/a") -> 8 | J10: =IF(ISNUMBER(H10),IF(H10<=F10,"Yes - inside SLA window","No"),"n/a") -> Yes - inside SLA window | K10: Yes | L10: No
A12: Also added at 09/10/2025 2:33:04 AM: MIA25172 and MIA25175 to ISEAdmin (a new group for both; their privileged network access had been denied on 08/28/2025). Actor for every removal and add = 'system', workstation 'unknown'. CyberArk_Alero_Users (revoked for all 4, Definition of Privilege sec. 3.2) has no removal evidence and was still held on 11/25/2025 and 05/15/2026. That is outside C7 scope and should be referred to the CyberArk control.

Sheet 3_Corrections_to_Draft
A1: 3_Corrections_to_Draft - points in the prior conclusions / testing procedures that the source evidence does not support
A2: None of these changes an account result. Items 1, 2, 4 and 10 must be fixed before review sign-off.
A4: # | B4: Topic | C4: Prior draft says | D4: What the source evidence shows | E4: Correction / action | F4: Priority
A5: 1 | B5: Policy version in force | C5: Draft A22: 'IAM Standard v10.0 (approved 09/29/2025, in force for both samples)'. | D5: v10.0 sign-off 09/29/2025 (E01a p.30). The 2025 Q3 decisions were made 08/06-08/28/2025, so v9.0 (2024 annual update) governed Sample 1. Same issue for the PAM Procedure: v2.0 approved 04/22/2026, v1.0 dated 04/22/2025 (E02 p.2). | E5: Obtain IAM v9.0 and PAM Proc. v1.0, or document that 4.2.5.1/.7/.10/.21, 4.2.3.1/.4, 4.2.1.1 and PAM 4.1.1/4.2 are unchanged. Cite v9.0/v1.0 for Sample 1. | F5: High
A6: 2 | B6: Re-grant evidence | C6: Draft rows 1-4 and the TP: 'No ... Netwrix event'; OI-03 lists 'member added' events as not received. | D6: E04 tab 3_ISEAdmin Netwrix capture (row ~3108): 09/10/2025 2:33:04 AM, Who=system, ISEAdmin Members Added: Perez Peralta, Hernandez Ruiz (from Inactive AD Accounts OU), Nieves Nieves, Hernandez Acevedo. E06 cites the event only as 'MIA25172/MIA25175 added 9/10/2025'. | E6: Cite the event for all 4 accounts. Narrow OI-03 to the Cisco Network Admins re-add and the approved requests. Raise the 'system' actor and the ~2:30 AM timing (also 08/30/2025 2:32:54 AM for X842395) as a root-cause lead. | F6: High
A7: 3 | B7: A6 timeliness wording | C7: TP step 5: 'Timeliness met for all 36 revocations; removal not sustained'. | D7: For ISEAdmin (MIA25142, X453396), access was restored on 09/10/2025, before the SLA deadline of 10/10/2025. The revocation stood for 8 days and about 40 hours. As of the SLA deadline the revocation was not in effect. | E7: Keep 'removed within SLA' for the removal event, but state that it was reversed inside the SLA window. Do not describe A6 timeliness as fully effective. | F7: Medium
A8: 4 | B8: Cause of April 2026 disablement | C8: Draft N13/N14, TP: reason unknown; Fieldglass 'possible interruption' linked to the April disables. | D8: E05 AD 05/15/2026: MIA25103/25249/25250/25251 in OU=Inactive AD Accounts; whenChanged 04/02/2026 17:52:08 (MIA25103 and MIA25249, same second) and 04/03/2026 00:38 (MIA25250/51); last logons 12/10/2025 and 11/07/2025, i.e. 113-147 days. This matches the 90-day inactivity process (4.2.3.1). | E8: Re-word E1 for MIA25249/MIA25250 as 'approved privileged access on accounts disabled for >90 days' inactivity'. Remove the April link from the Fieldglass interruption theory. Ask only for the re-enable request. | F8: High
A9: 5 | B9: MIA25172 / MIA25175 termination date | C9: Draft treats E2 as 12/31/2024 for the contingent group; correlation described as 'not linked to an HR identity'. | D9: E04: IAMS Termination Date = 12/31/2026 for both in 2025 Q3; blank in 2026 Q1/Q2. AD 10/10/2026 employeeNumber 100546248 / 100546251, matching management's SAMPLE tab, but SanIAM Identity = account name. | E9: Describe as a SanIAM correlation break (and 4.2.5.6: uncorrelated accounts belong in the Application Owner review). | F9: Low
A10: 6 | B10: MIA25250 HR attributes | C10: Draft F14: 'AD employeeNumber blank'. | D10: 10/10/2026 export: employeeID AND employeeNumber blank for MIA25250 and MIA25251; employeeID was x375759 / x376233 on 11/25/2025. The attribute was cleared between the two extracts. | E10: Correct the wording and add MIA25251 (out of sample) to OBS. | F10: Low
A11: 7 | B11: MIA25250 usage evidence | C11: Draft D14: 'AD enabled, last logon 11/07/2025' (treated as in use). | D11: lastLogonDate 11/07/2025 09:00:30 = PasswordLastSet 09:00:30 (same for MIA25251 at 09:00:24). Likely a password reset, not a user logon. | E11: Note the limitation for Sample 1. The conclusion is not changed. | F11: Low
A12: 8 | B12: X453396 on the E2 list | C12: TP 'Scope gap: MIA25142 and X453396 were in the E2 list'. | D12: X453396 has no IAMS termination date in 2025 Q3, 2026 Q1 or 2026 Q2. | E12: Remove X453396 from the E2 follow-up; keep MIA25142. | F12: Low
A13: 9 | B13: Basis for MIA25103 2025 Q3 exception | C13: Draft relies on 'APPROVED 8/28/2025 while AD account DISABLED'. | D13: The only AD extract for Sample 1 is dated 11/25/2025, three months after the decision, so the enabled flag on 08/28/2025 is inferred. Last logon 10/15/2023 proves 683 days of non-use at the decision date. | E13: Base E1 on non-use (4.2.5.1/4.2.3.1). Treat 'disabled' as supporting. | F13: Medium
A14: 10 | B14: Reviewer behaviour / root cause | C14: Not addressed in the draft conclusions. | D14: Borges decisions in bursts: 08/28/2025 10:25-10:40 AM (130 rows); 04/30/2026 1:47 PM (69 memberships, 345 duplicated rows, single timestamp); 07/27/2026 12:45 PM (65); 08/17/2026 9:22-9:23 AM (98). The reviewer is also the BSI CISO (E02 p.13), the control owner, the exception approver (E02 sec. 5) and the escalation point. | E14: Add as the root cause of E1/E3 and as a design observation (no independent challenge of the reviewer). | F14: High
A15: 11 | B15: Frequency (A1) | C15: Treated as an observation pending OI-01. | D15: 245 days between the 2025 Q3 decisions (08/28/2025) and the 2026 Q1 decisions (04/30/2026), more than 6 months. IAM 4.2.5.6: privileged accounts enrolled in PAMS 'must be recertified quarterly'; PAM Proc. sec. 2: SOX quarterly. | E15: If 2025 Q4 is not evidenced, rate A1 as an exception against the procedure (quarterly). Under a calendar-half reading of 'at least semiannually' it is met. Reviewer to decide. | F15: Medium
A16: 12 | B16: Workpaper labels in E04 | C16: - | D16: E04 tab 3_ISEAdmin col. A labels MIA25142 and X453396 'Member Certified / Approved' although their ISEAdmin entitlement was Revoked. | E16: Do not rely on the col. A annotations. Use the SanIAM decision rows and MemberOf (as done here). | F16: Low

Sheet 4_Fieldglass_Inspection
A1: 4_Fieldglass_Inspection - E10 e-mail 'RE: Request for Fieldglass Evidence - BSI.IT.27.C7 Testing'
A2: Chain inspected: request 10/14/2026 4:48 PM (E. Morfa to L. Carballea, N. De Castro; cc IT Governance, M. Mingo, E. Noda, C. Vidal) -> reminder 10/23/2026 9:31 AM to BSI Procurement -> reply Thu 10/29/2026 13:52:01 UTC (9:52 AM EDT) from Ana Belloso <ABelloso@bpi-gruposantander.com>. 7 inline PNG captures (image001-007), one per worker. Source independent of the control owner (Procurement). All captures share title SGTO_CYBER BAU_PROTECT_2023, supplier Grupo Santander (SGT), dept GREXT_000079 Cyber Security, job code USA_SOVOR_EXT024, location Brickell Plaza-Corp (US06374), job posting SANTQ00001069.
A4: SanIAM account | B4: Fieldglass name | C4: Capture | D4: Worker ID | E4: Status | F4: Worker period | G4: Buyer reference | H4: Agrees to SanIAM identity (E05/E07)? | I4: Prior engagement shown | J4: Current work order | K4: Job seeker submitted | L4: Covers 08/28/2025? | M4: Covers 04/30/2026? | N4: 'More Results: Next >>' (truncated)? | O4: Other observations
A5: MIA25103 | B5: Ramirez Gonzalez, Ivan | C5: image001 | D5: SANWK00016501 | E5: Open | F5: 2024-01-01 - 2027-02-28 | G5: 100531048 | H5: 100531048 - match | I5: SANWK00014976 Closed 2023-10-08 - 2023-12-31 (Miami - Unassigned Workers; WO SANWO00016242 Rev.0) | J5: SANWO00017798 (Rev.18) Confirmed 2026-09-29 - 2027-02-28 | K5: SGTOJS00000382 - 2026-09-29 12:04 PM | L5: Yes | M5: Yes | N5: Yes | O5: AD created 2023-07-01, before the first Fieldglass record shown (2023-10-08). Possibly on the next results page. Prior period.
A6: MIA25104 | B6: Paez Venegas, Jefferson | C6: image002 | D6: SANWK00016508 | E6: Open | F6: 2024-01-01 - 2027-02-28 | G6: 100531049 | H6: 100531049 - match | I6: SANWK00014980 Closed 2023-10-08 - 2023-12-31 | J6: SANWO00017799 (Rev.18) 2026-09-29 - 2027-02-28 | K6: SGTOJS00000383 - 2026-09-29 12:05 PM | L6: Yes | M6: Yes | N6: No (cropped) | O6: Same AD-created observation (2023-07-01).
A7: MIA25105 | B7: Serrano Aguirre, David | C7: image003 | D7: SANWK00016502 | E7: Open | F7: 2024-01-01 - 2027-02-28 | G7: 100531050 | H7: 100531050 - match | I7: SANWK00014979 Closed 2023-10-08 - 2023-12-31 | J7: SANWO00017797 (Rev.18) 2026-09-29 - 2027-02-28 | K7: SGTOJS00000381 - 2026-09-29 12:04 PM | L7: Yes | M7: Yes | N7: Yes
A8: MIA25106 | B8: Vazquez Arias, Maiko | C8: image004 | D8: SANWK00016503 | E8: Open | F8: 2024-01-01 - 2027-02-28 | G8: 100531051 | H8: 100531051 - match | I8: SANWK00014977 Closed 2023-10-08 - 2023-12-31 | J8: SANWO00017800 (Rev.18) 2026-09-29 - 2027-02-28 | K8: SGTOJS00000384 - 2026-09-29 12:05 PM | L8: Yes | M8: Yes | N8: Yes
A9: MIA25249 | B9: Harris, Richard | C9: image005 | D9: SANWK00016311 | E9: Open | F9: 2023-12-28 - 2027-02-28 | G9: 100592069 | H9: 100592069 - match | I9: none shown | J9: SANWO00017821 (Rev.18) 2026-09-29 - 2027-02-28 | K9: SGTOJS00000391 - 2026-09-29 12:05 PM | L9: Yes | M9: Yes | N9: Yes | O9: Also EMPLOYEE 'Harris, Richard (n222712)' Active, Hiring Manager, ISB00_73097 Cyber Security Eng. & Arch., REMOTE-Tennessee. AD MIA25249 created 2023-12-31, consistent.
A10: MIA25250 | B10: Ackley, Kevin | C10: image006 | D10: SANWK00016313 | E10: Open | F10: 2023-12-28 - 2027-02-28 | G10: 100592068 | H10: 100592068 - match | I10: none shown | J10: SANWO00017820 (Rev.18) 2026-09-29 - 2027-02-28 | K10: SGTOJS00000390 - 2026-09-29 12:05 PM | L10: Yes | M10: Yes | N10: No | O10: Also EMPLOYEE 'Ackley, Kevin (n67450)' Active, Hiring Manager, ISB00_73097, Dallas; Workforce SGTOWF00003892. AD created 2023-12-30.
A11: MIA25251 (not in the 10) | B11: Rimal, Ashish | C11: image007 | D11: SANWK00016312 | E11: Open | F11: 2023-12-28 - 2027-02-28 | G11: 100592070 | H11: 100592070 - match | I11: none shown | J11: SANWO00017819 (Rev.18) 2026-09-29 - 2027-02-28 | K11: SGTOJS00000389 - 2026-09-29 12:05 PM | L11: Yes | M11: Yes | N11: No | O11: Also EMPLOYEE 'Rimal, Ashish (n600486)' Active, Hiring Manager, ISB00_73097, Dallas.
A14: WHAT WAS REQUESTED vs. RECEIVED
A15: Requested: system-generated extract/screenshot with report date and parameters - NOT received (global-search screenshots pasted in the body; no run date or parameters).
A16: Requested: original engagement start/end - PARTIAL (worker period shown; 2023 records for MIA25103-06 only).
A17: Requested: extensions with approval date and approver - NOT received (only the Rev.18 count is visible; Rev.0-17 not shown).
A18: Requested: status as of 08/28/2025, 04/30/2026, 07/27/2026 - NOT received explicitly. Inferred from the Open worker period.
A19: Requested: any termination/interruption/gap in April 2026 - NOT answered.
A20: ASSESSMENT
A21: 1. Authenticity/consistency: 7 of 7 buyer references equal the SanIAM identities; AD creation dates (2023-12-30/31) agree with the Harris/Ackley/Rimal worker start (2023-12-28); the MIA25103-06 2023 records end 2023-12-31 and the current workers start 2024-01-01 (continuous). Reasonable reliance for 'engaged / not terminated'.
A22: 2. Unexplained bulk event: all 7 job-seeker records were submitted 09/29/2026 12:04-12:05 PM and every current work order starts 09/29/2026. This is after the period, after the 2026 Q2 certifications (07/27 and 08/17/2026) and 15 days before the audit request. The work order covering 2024 to 09/28/2026 is not shown; 4 captures are truncated ('Next >>'), so it may simply be on the next page. Not evidence of a gap, but it must be explained.
A23: 3. The April 2026 disables are NOT a Fieldglass matter. The AD evidence shows the 90-day inactivity sweep (see 3_Corrections #4).
A24: 4. Conclusion: E2 (IAMS termination 12/31/2024) is a data-quality OBSERVATION. SanIAM is not synchronized with Fieldglass (4.2.1.1). Fieldglass has no bearing on E1 (approval of unused/disabled access) or E3 (re-grant without request).
A25: 5. Harris, Ackley and Rimal each also have an ACTIVE Santander US employee record in the same department (ISB00_73097). If these are the same people, they hold two identities (employee + contingent worker), and the BSI MIA account's leaver trigger is tied to the contingent record only. IAM to confirm (OBS-05).

Sheet 5_Observations_OpenItems
A1: 5_Observations_OpenItems - control-level observations and open items arising from the re-performance
A2: These are in addition to OI-01 to OI-10 / OBS-01 to OBS-07 in the testing procedures. Exceptions must be formally communicated to the Control Owner and BU BCO before Issue Management (RCSA Testing Procedure 4.4.8.4).
A4: Ref | B4: Area | C4: Observation / item | D4: Recommended action | E4: Owner
A5: OBS-R01 | B5: Root cause / review quality | C5: Bulk approval by a single reviewer in every cycle (see 3_Corrections #10). The disabled/unused accounts and the re-granted access were approved without challenge in 4 consecutive reviews. | D5: Require item-level review evidence; SanIAM to flag disabled, inactive (>90 days) and previously-revoked entitlements to the reviewer; second-line QA sample of each campaign. | E5: Control owner / IAM
A6: OBS-R02 | B6: Segregation of oversight | C6: Dayam Borges is BSI CISO (E02 p.13), control owner/executor, line manager/host of all sampled accounts (AD manager + Description), the person who decides all person items, the approver of procedure exceptions (E02 sec. 5) and the RASCI 'A' for every step. | D6: Assign an independent reviewer or a second approver for the CISO's own direct reports and hosted consultants. | E6: BSI CISO / Santander US Head of IAS
A7: OBS-R03 | B7: Automated re-grant | C7: Netwrix shows privileged-group adds at about 2:30 AM by 'system' (08/30/2025 X842395; 09/10/2025 four revoked users). This suggests a scheduled job/sync that re-adds members outside the request process. | D7: Identify the job or tool; bring it under the request/approval process; add a post-revocation persistence check (PAM Proc. step 10 + next-day/30-day membership diff). | E7: InfoSec / IT Ops
A8: OBS-R04 | B8: Inactive privileged accounts | C8: Disabled or inactive accounts keep their privileged memberships (MIA25103 since 2023) and are re-certified; MIA25249/50/51 were re-enabled by 10/10/2026 with no request. | D8: Strip privileged memberships when an account is disabled for inactivity; require a request + approval to re-enable. | E8: IAM / IT Ops
A9: OBS-R05 | B9: Contractor end-date sync | C9: IAMS termination 12/31/2024 for 7 contractors vs. Fieldglass Open to 2027-02-28 and AD expiry 06/01/2026 (4.2.1.1). | D9: Recurring Fieldglass-to-SanIAM end-date reconciliation. | E9: IAM
A10: OBS-R06 | B10: Identity correlation | C10: MIA25172/75 uncorrelated in SanIAM while AD has employeeNumbers; MIA25250/51 employeeID and employeeNumber blank 10/10/2026; Harris/Ackley/Rimal hold a second (employee) identity. | D10: Correlate and repair; review uncorrelated accounts in the Application Owner campaign (4.2.5.6). | E10: IAM
A11: OBS-R07 | B11: Out-of-scope revoked entitlement | C11: CyberArk_Alero_Users revoked 08/28/2025 for the 4 accounts; no removal evidence; still held 11/25/2025 and 05/15/2026. | D11: Refer to the CyberArk control owner (E02 8.1 C8/C24). | E11: IT RCSA
A12: OBS-R08 | B12: Report data quality | C12: 2026 Q1 rows repeated 5x; 2026 Q2 'Account Status = Account Removed' on every row; 2026 Q2 SOX Identity/Account Name inverted for MIA25172/75; E04 col. A labels wrong for revoked ISEAdmin rows. | D12: Fix the report fields before relying on them as IPE. | E12: IAM / IT RCSA
A13: OBS-R09 | B13: Frequency | C13: 245 days between the 2025 Q3 and 2026 Q1 decisions; 2025 Q4 not evidenced (OI-01). IAM 4.2.5.6 and PAM Proc. sec. 2 require quarterly. | D13: Obtain 2025 Q4 or confirm it was not run. If not run, rate A1 as an exception against the procedure. | E13: IAM / PAM
A14: OI-R1 | B14: Open item | C14: Policy versions in force for Sample 1: IAM Standard v9.0 and PAM Procedure v1.0. | D14: Request from Technology Policy Administration. | E14: IT RCSA
A15: OI-R2 | B15: Open item | C15: Approved requests for the 09/10/2025 ISEAdmin adds and the Cisco Network Admins re-adds (before 11/25/2025); identity of the 'system' actor. | D15: Only evidence that could clear E3. | E15: PAM / InfoSec
... A18: OI-R5 | B18: Open item | C18: Get-ADGroupMember export of the 4 groups today. MIA25103 memberships should be removed. | D18: Confirms current exposure. | E18: IT Ops

Sheet 6_Policy_Criteria
A1: 6_Policy_Criteria - requirement text verified against the PDFs in the package
A2: Page numbers refer to IAM Standard v10.0 (E01a) and PAM Recertification Procedure v2.0 (E02). Requirement IDs and substance were checked against v11.0 (E01).
A4: Requirement | B4: Source / page | C4: Text (verbatim extract) | D4: Used for
A5: SUS.IAMS.4.2.1.1 | B5: IAM Std v10.0 p.6-7 | C5: 'For external users, HR shall be the authoritative source for all external user account information.' ... 'Personal accounts must be fully synchronized with Santander US HR Systems.' | D5: E2 (Fieldglass vs IAMS); MIA25250 blank HR attributes; MIA25172/75 correlation
A6: SUS.IAMS.4.2.3.1 | B6: p.10 | C6: 'User Active Directory accounts unused for the previous 90 calendar days shall be reviewed for inactivity and, if confirmed to be inactive, disabled or removed.' | D6: MIA25103, MIA25249, MIA25250
A7: SUS.IAMS.4.2.3.4 | B7: p.11 | C7: 'Access rights must be provisioned only when requested by an Access Requestor via an approved request mechanism, validated by the proper manager, and authorized by a second level approver.' ... 'The use of an approved mechanism is required to confirm that the request and approval is fully documented for auditing purposes.' | D7: E3 re-grants (MIA25142, 25172, 25175, X453396); re-enables (25249, 25250)
A8: SUS.IAMS.4.2.5.1 | B8: p.14 | C8: 'The recertification process shall be performed as a formal review of information assets to confirm that all granted access rights entitlements remain valid, updated, and in full compliance with the SoD rules and Principle of Least Privilege.' | D8: E1 (MIA25103, 25249, 25250); PASS basis for 25104-06
A9: SUS.IAMS.4.2.5.6 | B9: p.17 | C9: 'Managers shall be responsible for attesting to the entitlements and roles assigned to their direct employees, contractors, and other workforce members. Application Owners shall be responsible for attesting to the entitlements of vendor, system, and uncorrelated accounts.' ... 'User access to privileged accounts enrolled in PAMS must be recertified quarterly.' | D9: Reviewer; uncorrelated MIA25172/75; frequency
A10: SUS.IAMS.4.2.5.7 | B10: p.18 | C10: 'Access is denied if any of the minimum required reviewers ... deny access to a workforce member.' ... 'Any revocations of access rights shall be completed within 30 business days per the SLA.' | D10: Revoked access must stay denied
A11: SUS.IAMS.4.2.5.10 | B11: p.19 | C11: Review processes for network devices 'must include ... Review of script outputs to confirm that all access marked for removal was removed.' | D11: A6 persistence
A12: SUS.IAMS.4.2.5.19 | B12: p.22 | C12: 'Execution of the recertification process must occur at least semi-annually for privileged access rights on any asset.' | D12: A1
A13: SUS.IAMS.4.2.5.21 | B13: p.22 | C13: 'Any revocation of privileged access rights resulting from the privileged access review outcomes shall be completed within 30 business days of the close of the review per the SLA.' | D13: A6 timeliness (2_SLA_Reperformance)
A14: PAM Proc. sec. 2 | B14: E02 p.4 | C14: 'For SOX, this includes quarterly recertification by the line manager for Person ID entitlements and by the owner for service ID entitlements.' | D14: Frequency
A15: PAM Proc. 4.1.1 C3-C4 | B15: E02 p.6 | C15: C3: PAM Team submits a ServiceNow Access Revocation ticket on rejection. C4: 'When the ServiceNow ticket is closed, the PAM Team confirms that access is de-provisioned correctly.' | D15: A6; ServiceNow tickets not provided
... A19: VERSION APPLICABILITY | B19: E01a p.30; E02 p.2 | C19: IAM v10.0 approved 09/29/2025 (v9.0 before that); v11.0 approved 07/28/2026. PAM Proc. v1.0 04/22/2025; v2.0 04/22/2026. Sample 1 (decisions 08/28/2025) = IAM v9.0 + PAM v1.0. Sample 2 (launched 04/09/2026, decided 04/30/2026) = IAM v10.0 + PAM v1.0 at launch / v2.0 at decision. | D19: Quotes above are from v10.0/v2.0. Equivalence to v9.0/v1.0 to be confirmed (OI-R1).

Sheet 7_Evidence_Locator
A1: 7_Evidence_Locator
A2: Row numbers are as read with openpyxl from the package files on 11/01/2026.
A4: Ref | B4: File | C4: Where
A5: E04 | B5: BSI.IT.27.C7_E04_Q3_2025.xlsx | C5: Tab 2_Cisco Network Administrators: AD extract 11/25/2025 (rows 13-~2320; MemberOf col P), SOX Manager cert rows 2331-2618 (MIA25142 2537-2539; MIA25172 2540-2541; MIA25175 2546-2547; X453396 2486-2489; MIA25103-06 2523-2534; MIA25249-51 2549-2557); Netwrix captures rows 2963-3005. Tab 3_ISEAdmin: Netwrix removal captures rows 2964-2977; ADD event 09/10/2025 capture at row ~3108 (note A3107); 08/30/2025 add of X842395 row ~3121.
A6: E05 | B6: BSI.IT.27.C7_E05_Q1 2026 Cert.xlsx | C6: Tab 2.Cisco Network Administrators: AD extract 05/15/2026 (cols: enabled F, DN H, whenChanged M, AccountExpirationDate Q, lastLogon R, Description S, MemberOf T); SOX Manager cert rows 2469-3495 (5x duplicated); account rows: MIA25103 r1614, 25104 r1612, 25105 r1613, 25106 r1611, 25142 r1636, 25172 r1655, 25175 r1656, X453396 r1847, 25249 r1799, 25250 r1798, 25251 r1797.
A7: E07 | B7: BSI.IT.27.C7_E07_C7.Sample.xlsx | C7: 2026Q2PamBsiSox-Manager rows 86-112, 140-145; 2026Q2BsiPamCyberark-Manager rows 419-445, 467-471; Oct10_2026Users (enabled, employeeID, employeeNumber); SAMPLE tab identities.
A8: E10 | B8: BSI.IT.27.C7_E10_Fieldglass Evidence 10-29-2026.msg / .eml | C8: Inline images 001-007; e-mail chain 10/14, 10/23, 10/29/2026.
A9: E01a / E01 / E02 / E03 | B9: Policies | C9: See 6_Policy_Criteria.
A10: Prior draft | B10: BSI.IT.27.C7_Final_Conclusions_10_Accounts_2_1.xlsx | C10: Both uploaded copies are identical (MD5 2a3129e541c32e1055cc18916fcf9b2c). Compared row by row; differences in 3_Corrections_to_Draft.

Sheet Holidays
A1: US bank holidays (Federal Reserve) used in 2_SLA_Reperformance
A3: Date | B3: Holiday
A4: 45658 | B4: New Year's Day
A5: 45677 | B5: MLK Day
A6: 45705 | B6: Presidents' Day
A7: 45803 | B7: Memorial Day
A8: 45827 | B8: Juneteenth
A9: 45842 | B9: Independence Day
A10: 45901 | B10: Labor Day
A11: 45943 | B11: Columbus Day
A12: 45972 | B12: Veterans Day
A13: 45988 | B13: Thanksgiving
A14: 46016 | B14: Christmas
A15: 46023 | B15: New Year's Day
... A20: 46206 | B20: Independence Day (observed)
